uri,name,sort_name,title,gender,is_organization,has_card,birth_year,death_year,membership_years,viaf_url,wikipedia_url,nationalities,addresses,postal_codes,arrondissements,coordinates,notes,updated
https://shakespeareandco.princeton.edu/members/aldington-richard/,Richard Aldington,"Aldington, Richard",,Male,False,True,1892,1962,1928;1929,http://viaf.org/viaf/7402360,http://en.wikipedia.org/wiki/Richard_Aldington,United Kingdom,"Select Hôtel, 1 place de la Sorbonne, Paris",75005,5,"48.84835, 2.34269",,2020-12-05T15:30:30+00:00
https://shakespeareandco.princeton.edu/members/anderson-margaret/,Margaret C. Anderson,"Anderson, Margaret C.",,Female,False,False,1886,1973,1926;1927,http://viaf.org/viaf/31323380/,https://en.wikipedia.org/wiki/Margaret_C._Anderson,United States,"80 rue de l'Université, Paris",75007,7,"48.85908, 2.32429","The Shakespeare and Company <a href=""https://shakespeareandco.princeton.edu/sources/address-books/"">address books</a> are the sole source for this lending library membership.",2021-10-28T15:54:55.809693+00:00
https://shakespeareandco.princeton.edu/members/antheil-george/,George Antheil,"Antheil, George",,Male,False,False,1900,1959,1923;1933,http://viaf.org/viaf/5120859/,https://en.wikipedia.org/wiki/George_Antheil,United States,"12 rue de l'Odéon, Paris",75006,6,"48.85092, 2.33845",,2021-10-18T19:04:55.804044+00:00
https://shakespeareandco.princeton.edu/members/aragon/,Louis Aragon,"Aragon, Louis",,Male,False,True,1897,1982,,http://viaf.org/viaf/8178518,http://en.wikipedia.org/wiki/Louis_Aragon,France,"12 rue Saint-Pierre, Neuilly-sur-Seine",92200,,"48.88241, 2.27120",,2020-12-28T15:46:16+00:00
https://shakespeareandco.princeton.edu/members/asch/,Nathan Asch,"Asch, Nathan",,Male,False,False,1902,1964,1924,http://viaf.org/viaf/69911963/,https://de.wikipedia.org/wiki/Nathan_Asch,Poland;United States,"Hôtel Istria, 29 rue Campagne Première, Paris",75014,14,"48.83907, 2.33162",,2021-07-10T00:34:57+00:00
https://shakespeareandco.princeton.edu/members/barnes-djuna/,Djuna Barnes,"Barnes, Djuna",,Female,False,False,1892,1982,1925;1926;1927,http://viaf.org/viaf/110217112/,https://en.wikipedia.org/wiki/Djuna_Barnes,United States,"9 rue Romain, Paris",75006,6,"48.84770, 2.32080",,2021-02-28T00:51:58+00:00
https://shakespeareandco.princeton.edu/members/barney-natalie-clifford/,Natalie Clifford Barney,"Barney, Natalie Clifford",,Female,False,False,1876,1972,1920;1921;1922;1923;1924;1925;1926;1928;1929;1930,http://viaf.org/viaf/76311714/,https://en.wikipedia.org/wiki/Natalie_Clifford_Barney,France;United States,"20 rue Jacob, Paris",75006,6,"48.85536, 2.33564",,2021-02-28T00:52:32+00:00
https://shakespeareandco.princeton.edu/members/beach-2/,Joseph Beach,"Beach, Joseph",,Male,False,False,1880,1957,1923;1924,http://viaf.org/viaf/5153628/,,United States,"15 rue des Binelles, Sèvres",92310,,"48.82231, 2.21940",,2020-08-01T22:15:15+00:00
https://shakespeareandco.princeton.edu/members/beach-sylvia/,Sylvia Beach,"Beach, Sylvia",,Female,False,True,1887,1962,1956,http://viaf.org/viaf/35247539,https://en.wikipedia.org/wiki/Sylvia_Beach,France;United States,"12 rue de l'Odéon, Paris",75006,6,"48.85092, 2.33845",,2021-02-28T00:53:12+00:00
https://shakespeareandco.princeton.edu/members/beckett/,Samuel Beckett,"Beckett, Samuel",,Male,False,False,1906,1989,1929;1932,http://viaf.org/viaf/7386737/,https://en.wikipedia.org/wiki/Samuel_Beckett,France;Ireland,"École normale supérieure, 45 rue d'Ulm, Paris;Hôtel Trianon Palace, 1 rue de Vaugirard, Paris;Chatto and Windus, 74–75 Piccadilly, London",75005;75006;W1J 8HT,5;6;,"48.84184, 2.34403;48.84877, 2.34104;51.50740, -0.14272",,2021-01-13T16:12:40+00:00
https://shakespeareandco.princeton.edu/members/benet-stephen-vincent/,Stephen Vincent Benét,"Benét, Stephen Vincent",,Male,False,False,1898,1943,1920;1921;1922,http://viaf.org/viaf/100260717/,https://en.wikipedia.org/wiki/Stephen_Vincent_Ben%C3%A9t,United States,"4 boulevard Raspail, Paris;21 rue Visconti, Paris",75006;75006,6;6,"48.85527, 2.32557;48.85584, 2.33484",,2021-02-28T00:53:51+00:00
https://shakespeareandco.princeton.edu/members/bercovici-konrad/,Konrad Bercovici,"Bercovici, Konrad",Mr.,Male,False,False,1882,1961,1927,http://viaf.org/viaf/97669269/,https://en.wikipedia.org/wiki/Konrad_Bercovici,Romania;United States,"24 rue de Verneuil, Paris",75007,7,"48.85778, 2.33036","The Shakespeare and Company <a href=""https://shakespeareandco.princeton.edu/sources/address-books/"">address books</a> are the sole source for this membership.",2021-07-26T01:58:27+00:00
https://shakespeareandco.princeton.edu/members/bird/,William Bird,"Bird, William",,Male,False,True,1888,1963,1933,http://viaf.org/viaf/22260551,http://en.wikipedia.org/wiki/Bill_Bird,United States,"12 rue Vivienne, Paris",75002,2,"48.85711, 2.28489",,2019-11-19T14:47:29+00:00
https://shakespeareandco.princeton.edu/members/bishop-john-peale/,John Peale Bishop,"Bishop, John Peale",Mr.,Male,False,False,1892,1944,1928;1923;1924;1927,http://viaf.org/viaf/73984000/,https://en.wikipedia.org/wiki/John_Peale_Bishop,United States,"10 Square Alboni, Paris;Hôtel Lamballe, 45 avenue de Friedland, Paris",75016;75008,16;8,"48.85826, 2.28675;48.87384, 2.29777",,2021-07-23T13:13:31+00:00
https://shakespeareandco.princeton.edu/members/boyd-james/,James Boyd,"Boyd, James",,Male,False,True,1888,1944,1931,http://viaf.org/viaf/17583797/,https://en.wikipedia.org/wiki/James_Boyd_(novelist),United States,"Hotel Montana, 28 rue Saint-Benoît, Paris",75006,6,"48.85420, 2.33269",,2021-08-22T15:54:18+00:00
https://shakespeareandco.princeton.edu/members/briffault/,Robert Briffault,"Briffault, Robert",,Male,False,False,1876,1948,1933,http://viaf.org/viaf/4973560/,https://en.wikipedia.org/wiki/Robert_Briffault,France;United Kingdom,"49 rue de Seine, Paris",75006,6,"48.85520, 2.33695",,2021-02-28T13:52:03+00:00
https://shakespeareandco.princeton.edu/members/brinig/,Myron Brinig,"Brinig, Myron",,Male,False,False,1897,1991,1926,http://viaf.org/viaf/59446695/,https://en.wikipedia.org/wiki/Myron_Brinig,United States,"City Hôtel, 29 Place Dauphine, Paris",75001,1,"48.85703, 2.34182",,2021-02-28T13:53:57+00:00
https://shakespeareandco.princeton.edu/members/bromfield-louis/,Louis Bromfield / Lewis Bromfield,"Bromfield, Louis",,Male,False,False,1896,1956,1928,http://viaf.org/viaf/14766865/,https://en.wikipedia.org/wiki/Louis_Bromfield,,"25 boulevard Flandrin, Paris",75116,16,"48.86651, 2.27207",,2020-08-01T22:17:53+00:00
https://shakespeareandco.princeton.edu/members/bryher/,Bryher,Bryher,,Female,False,True,1894,1983,,http://viaf.org/viaf/111923629,https://en.wikipedia.org/wiki/Bryher_(novelist),United Kingdom,,,,,,2021-02-28T13:56:07+00:00
https://shakespeareandco.princeton.edu/members/callaghan-morley/,Morley Callaghan,"Callaghan, Morley",,Male,False,False,1903,1990,1929,http://viaf.org/viaf/115291182/,https://en.wikipedia.org/wiki/Morley_Callaghan,Canada,"2 square de Port-Royal, Paris",75013,13,"48.83713, 2.34214","Morley Callaghan shared a lending library membership with his wife, [Loretto Callaghan](https://shakespeareandco.princeton.edu/members/callaghan-loretto/).",2021-08-04T16:03:52+00:00
https://shakespeareandco.princeton.edu/members/clarke-austin/,Austin Clarke,"Clarke, Austin",,Male,False,False,1896,1974,1920,http://viaf.org/viaf/54194438/,https://en.wikipedia.org/wiki/Austin_Clarke_(poet),Ireland,"Hôtel Jules Cesar, Paris",,,,,2021-10-28T12:19:44.966539+00:00
https://shakespeareandco.princeton.edu/members/clark-elizabeth/,Elizabeth Clark,"Clark, Elizabeth",Mrs.,Female,False,False,,,1923,,,,"Hôtel Versailles, 60 boulevard du Montparnasse, Paris",75006,6,"48.84456, 2.32261",,2021-08-08T02:02:22+00:00
https://shakespeareandco.princeton.edu/members/colum-padraic/,Padraic Colum,"Colum, Padraic",,Male,False,False,1881,1972,1931;1927,http://viaf.org/viaf/49223588/,https://en.wikipedia.org/wiki/Padraic_Colum,Ireland;United States,"12 rue de l'Odéon, Paris",75006,6,"48.85092, 2.33845","The Shakespeare and Company <a href=""https://shakespeareandco.princeton.edu/sources/address-books/"">address books</a> are the sole source for this lending library membership.",2021-08-11T01:28:32+00:00
https://shakespeareandco.princeton.edu/members/connolly-cyril/,Cyril Connolly,"Connolly, Cyril",,Male,False,True,1903,1974,1928;1929;1933,http://viaf.org/viaf/22140262,https://en.wikipedia.org/wiki/Cyril_Connolly,United Kingdom,"Hotel de Bourgogne, 7 rue de Bourgogne, Paris;National Provincial Bank of England, 208 Piccadilly W., London;Grand Hôtel des Écoles, 15 rue Delambre, Paris;Hotel de la Louisiane, 60 rue de Seine, Paris",75007;;75014;75006,7;;14;6,"48.85996, 2.31835;51.50914, -0.13569;48.84133, 2.32801;48.85360, 2.33687",,2021-08-11T12:49:13+00:00
https://shakespeareandco.princeton.edu/members/cowley-malcolm/,Malcolm Cowley,"Cowley, Malcolm",,Male,False,False,1898,1989,1922;1923,http://viaf.org/viaf/91308069/,https://en.wikipedia.org/wiki/Malcolm_Cowley,United States,Giverny,27285,,,"Malcolm Cowley shared a lending library membership with his wife, [Peggy Cowley](https://shakespeareandco.princeton.edu/members/cowley-peggy/).",2021-08-12T01:08:20+00:00
https://shakespeareandco.princeton.edu/members/coyle-kathleen/,Kathleen Coyle / Mrs. K. Coyle,"Coyle, Kathleen",,Female,False,True,1883,1952,1928;1929;1933,http://viaf.org/viaf/49273089/,https://en.wikipedia.org/wiki/Kathleen_Coyle,Ireland,"79 rue Denfert-Rochereau, Paris;4 rue Férou, Paris;6 rue Saint-Louis en l'Île, Paris",75014;75006;75004,14;6;4,"48.83590, 2.33430;48.84969, 2.33380;48.85108, 2.35902","In 1933, Kathleen Coyle shared a lending library membership with her son, [Kestrel Coyle](https://shakespeareandco.princeton.edu/members/coyle-kestrel-2/).",2021-09-06T01:11:36+00:00
https://shakespeareandco.princeton.edu/members/lanux-pierre-de/,Pierre de Lanux,"de Lanux, Pierre",,Male,False,True,1887,1955,1924;1925;1926;1927,http://viaf.org/viaf/66460179,,France,"34 rue des Vignes, Paris;57 rue Madame, Paris",75016;75006,16;6,"48.85587, 2.27626;48.84762, 2.33182",,2021-10-18T19:19:35.588858+00:00
https://shakespeareandco.princeton.edu/members/dennis-mary-cable/,Mary Cable Dennis / Mrs. A. L. P. Dennis,"Dennis, Mary Cable",,Female,False,True,1872,,1936;1938;1934;1935,http://viaf.org/viaf/273310243,,United States,"19 rue Perronet, Neuilly-sur-Seine",92200,,"48.88427, 2.27859",,2020-07-18T14:31:32+00:00
https://shakespeareandco.princeton.edu/members/eastman/,Max Eastman,"Eastman, Max",,Male,False,True,1883,1969,1927,http://viaf.org/viaf/67259736,http://en.wikipedia.org/wiki/Max_Eastman,United States,"Hotel de Lutece, 5 rue Jules Chaplain, Paris",75006,6,"48.84298, 2.33099",,2019-11-19T14:47:31+00:00
https://shakespeareandco.princeton.edu/members/edel-leon/,Leon Edel,"Edel, Leon",,Male,False,True,1907,1997,1936;1937,http://viaf.org/viaf/108589496,http://en.wikipedia.org/wiki/Leon_Edel,Canada;United States,"5 rue de Tournon, Paris",75006,6,"48.85121, 2.33717","Leon Edel shared a lending library membership with his wife, [Bertha Edel](https://shakespeareandco.princeton.edu/members/edel-bertha/).",2021-08-27T01:00:15+00:00
https://shakespeareandco.princeton.edu/members/firbank-ronald/,Ronald Firbank,"Firbank, Ronald",,Male,False,False,1886,1926,1923,http://viaf.org/viaf/41860695/,https://en.wikipedia.org/wiki/Ronald_Firbank,United Kingdom,"Denby Cottage, Richmond",,,,"The Shakespeare and Company <a href=""https://shakespeareandco.princeton.edu/sources/address-books/"">address books</a> are the sole source for this lending library membership.",2021-08-28T16:40:48+00:00
https://shakespeareandco.princeton.edu/members/fitzgerald-f-scott/,F. Scott Fitzgerald,"Fitzgerald, F. Scott",,Male,False,False,1896,1940,1929,http://viaf.org/viaf/100254195/,https://en.wikipedia.org/wiki/F._Scott_Fitzgerald,United States,"3 rue Palatine, Paris",75006,6,"48.85069, 2.33522",,2021-08-28T20:58:16+00:00
https://shakespeareandco.princeton.edu/members/flandrau/,Grace Flandrau,"Flandrau, Grace",,Female,False,True,1889,1971,1931,http://viaf.org/viaf/60503543,https://en.wikipedia.org/wiki/Grace_Flandrau,United States,"34 rue de Vaugirard, Paris",75006,6,"48.84951, 2.33627",,2020-08-01T22:15:26+00:00
https://shakespeareandco.princeton.edu/members/ford-ford-madox/,Ford Madox Ford,"Ford, Ford Madox",,Male,False,True,1873,1939,1938,http://viaf.org/viaf/59077275,http://en.wikipedia.org/wiki/Ford_Madox_Ford,United Kingdom,"31 rue de Seine, Paris;130 Morningside Drive, New York;Guaranty Trust Company, 4 place de la Concorde, Paris",75006;10027;75008,6;;8,"48.85596, 2.33698;40.81021, -73.95771;48.86715, 2.32195",,2019-11-19T14:47:31+00:00
https://shakespeareandco.princeton.edu/members/gascoyne/,David Gascoyne,"Gascoyne, David",,Male,False,True,1916,2001,1933,http://viaf.org/viaf/36918646,http://en.wikipedia.org/wiki/David_Gascoyne,United Kingdom,"Hotel Jacob, 44 rue Jacob, Paris;Hotel de l'Odéon, 13 rue Saint-Sulpice, Paris",75006;75006,6;6,"48.85596, 2.33333;48.85135, 2.33746",,2019-11-19T14:47:31+00:00
https://shakespeareandco.princeton.edu/members/gide-andre/,André Gide,"Gide, André",,Male,False,True,1869,1951,1920;1935;1950;1919,http://viaf.org/viaf/96973963,http://en.wikipedia.org/wiki/Andr%C3%A9_Gide,France,"1 rue Vaneau, Paris",75007,7,"48.85494, 2.31997",,2020-06-29T01:11:10+00:00
https://shakespeareandco.princeton.edu/members/gilbert-stuart/,Stuart Gilbert,"Gilbert, Stuart",,Male,False,True,1883,1969,1928;1929;1931;1932,http://viaf.org/viaf/24832693,http://en.wikipedia.org/wiki/Stuart_Gilbert,United Kingdom,"42 avenue Pasteur, Courbevoie;La Chaumine, rue du Casino des Flots, Pornic;7 rue Jean de Bellay, Paris",92400;44210;75004,;;4,"48.90389, 2.26982;47.10730, -2.09624;48.85331, 2.35379",,2020-08-01T22:16:18+00:00
https://shakespeareandco.princeton.edu/members/goldring-douglas/,Douglas Goldring,"Goldring, Douglas",,Male,False,False,1887,1960,1923,http://viaf.org/viaf/113744071/,https://en.wikipedia.org/wiki/Douglas_Goldring,United Kingdom,"60 avenue du Bois de Boulogne, Paris",75116,16,"48.87321, 2.28155",,2020-12-06T04:17:07+00:00
https://shakespeareandco.princeton.edu/members/gordon-jan/,Jan Gordon,"Gordon, Jan",,Male,False,False,1882,1944,1926,http://viaf.org/viaf/37294238/,https://en.wikipedia.org/wiki/Jan_and_Cora_Gordon,United Kingdom,"5 rue de Bagneux, Paris",75006,6,"48.84706, 2.32339",,2020-07-19T18:14:15+00:00
https://shakespeareandco.princeton.edu/members/gorman/,Herbert Sherman Gorman,"Gorman, Herbert Sherman",,Male,False,False,1893,1954,,http://viaf.org/viaf/37071397/,https://es.wikipedia.org/wiki/Herbert_Gorman,United States,,,,,"The Shakespeare and Company <a href=""https://shakespeareandco.princeton.edu/sources/address-books/"">address books</a> are the sole source for this lending library membership.",2021-09-06T01:42:59+00:00
https://shakespeareandco.princeton.edu/members/clermont-tonnerre/,"Élisabeth de Gramont, Duchesse de Clermont-Tonnerre","Gramont, Élisabeth de",,Female,False,True,1875,1954,1937;1938,http://viaf.org/viaf/71420943/,https://en.wikipedia.org/wiki/elisabeth_de_Gramont,,"69 rue Raynouard, Paris",75016,16,"48.85387, 2.27812",,2020-08-02T02:34:08+00:00
https://shakespeareandco.princeton.edu/members/guilloux-louis/,Louis Guilloux,"Guilloux, Louis",,Male,False,True,1899,1980,1937,http://viaf.org/viaf/110249815,http://en.wikipedia.org/wiki/Louis_Guilloux,France,"20 rue le Verrier, Paris",75006,6,"49.47052, 1.07488",,2021-09-09T11:58:53+00:00
https://shakespeareandco.princeton.edu/members/harris-frank/,Frank Harris,"Harris, Frank",,Male,False,False,1856,1931,1923,http://viaf.org/viaf/120702927/,,,"American Express, 2 rue du Congrès, Nice",06000,,"43.69556, 7.26367",,2021-09-11T01:20:26+00:00
https://shakespeareandco.princeton.edu/members/hemingway-ernest/,Ernest Hemingway,"Hemingway, Ernest",,Male,False,True,1899,1961,1921;1922;1924;1925;1926;1927;1928;1929;1930;1931;1933;1937;1938,http://viaf.org/viaf/97006051,https://en.wikipedia.org/wiki/Ernest_Hemingway,United States,"113 rue Notre Dame des Champs, Paris;69 rue Froidevaux, Paris;Hotel Rössli, Promenade 10, Gstaad;Thomas Cook, Madrid;112 chemin des Mougins, Antibes;6 rue Férou, Paris;Key West;Hotel Majestic, Passeig de Gràcia 68, Barcelona;Hotel Jacob, 44 rue Jacob, Paris",75006;75014;3780;;06160;75006;;08007;75006,6;14;;;;6;;;6,"48.84088, 2.33409;48.83698, 2.32462;46.47281, 7.28668;40.41678, -3.70379;43.55933, 7.12715;48.84949, 2.33373;24.55506, -81.77999;41.39346, 2.16379;48.85596, 2.33333",,2021-09-12T18:54:36+00:00
https://shakespeareandco.princeton.edu/members/huddleston-sisley/,Sisley Huddleston,"Huddleston, Sisley",,Male,False,False,1883,1952,1920;1921;1922;1924;1925,http://viaf.org/viaf/61926666/,https://en.wikipedia.org/wiki/Sisley_Huddleston,United Kingdom,"248 boulevard Raspail, Paris",75014,14,"48.83802, 2.33055",,2021-09-14T23:46:53+00:00
https://shakespeareandco.princeton.edu/members/jolas-eugene/,Eugene Jolas,"Jolas, Eugene",Mr.,Male,False,False,1894,1952,1925,http://viaf.org/viaf/9863425/,https://en.wikipedia.org/wiki/Eugene_Jolas,France;United States,"40 bis rue de Sevigné, Paris",75003,3,"48.85727, 2.36354",,2021-09-21T01:42:56.338817+00:00
https://shakespeareandco.princeton.edu/members/josephson-matthew/,Matthew Josephson,"Josephson, Matthew",,Male,False,False,1899,1978,1929,http://viaf.org/viaf/41833206/,https://en.wikipedia.org/wiki/Matthew_Josephson,United States,"39 rue de l'Arbalète, Paris",75005,5,"48.83913, 2.34707","The Shakespeare and Company <a href=""https://shakespeareandco.princeton.edu/sources/address-books/"">address books</a> are the sole source for this lending library membership.",2021-09-21T01:47:48.324561+00:00
https://shakespeareandco.princeton.edu/members/joyce-james/,James Joyce,"Joyce, James",,Male,False,True,1882,1941,1920;1923;1924;1925;1927;1928;1929;1930;1931;1932;1933;1934;1935;1936;1937;1938;1939,http://viaf.org/viaf/44300643,https://en.wikipedia.org/wiki/James_Joyce,Ireland,"6 via Cesare Battista, Trieste;9 rue de l'Université, Paris;26 avenue Charles Floquet, Paris;Hôtel Eiffel Kensington, 79 avenue de la Bourdonnais, Paris;8 avenue Charles Floquet, Paris;5 boulevard Raspail, Paris;1 avenue Emile Deschanel, Paris;Grand Hotel Europa, Südtiroler Pl. 2, Innsbruck;9 rue Huysmans, Paris;71 rue du Cardinal Lemoine, Paris;Hôtel Corneille, 5 rue Corneille, Paris;Victoria Palace Hotel, 6 rue Blaise Desgoffe, Paris;Hôtel Elysée, 9 rue de Beaune, Paris;5 rue de l'Assomption, Paris;2 Square Robiac, Paris;La Résidence, 41 avenue Pierre 1er de Serbie, Paris;2 avenue Saint-Philibert, Paris;Hôtel Lancaster, 7 rue de Berri, Paris;Hôtel Belmont et de Bassano, 28-30 Rue de Bassano, Paris;Hôtel Lord Byron, 5 rue Chateaubriand, Paris;42 rue Galilée, Paris;7 rue Edmond Valentin, Paris;34 rue des Vignes, Paris;Hôtel Lutetia, 45 boulevard Raspail, Paris;Hôtel Powers, 52 rue François 1er, Paris",34133;75007;75007;75007;75007;75007;75007;6020;75006;75005;75006;75006;75007;75016;75007;75008;75016;75008;75116;75008;75116;75007;75016;75006;75008,;7;7;7;7;7;7;;6;5;6;6;7;16;7;8;16;8;16;8;16;7;16;6;8,"45.65201, 13.77801;48.85665, 2.33040;48.85431, 2.29681;48.85656, 2.30218;48.85613, 2.29416;48.85544, 2.32591;48.85693, 2.30038;47.26462, 11.39994;48.84559, 2.32883;48.84554, 2.35023;48.84944, 2.33911;48.84583, 2.32436;48.85859, 2.32984;48.85303, 2.27500;48.85762, 2.30506;48.86816, 2.30039;48.85544, 2.27685;48.87234, 2.30334;48.86919, 2.29771;48.87346, 2.30213;48.87022, 2.29678;48.85963, 2.30189;48.85587, 2.27626;48.85102, 2.32720;48.85544, 2.35758",,2020-05-14T19:51:50+00:00
https://shakespeareandco.princeton.edu/members/joyce-stanislaus/,Stanislaus Joyce,"Joyce, Stanislaus",,Male,False,True,1884,1955,1933,http://viaf.org/viaf/59319731,https://en.wikipedia.org/wiki/Stanislaus_Joyce,Ireland;Italy,"6 via Cesare Battista, Trieste",34133,,"45.65201, 13.77801",,2020-07-19T18:46:07+00:00
https://shakespeareandco.princeton.edu/members/keun-odette/,Odette Keun,"Keun, Odette",Mrs.,Female,False,False,1888,1978,1929;1927,http://viaf.org/viaf/47786618/,https://en.wikipedia.org/wiki/Odette_Keun,Netherlands,"124 quai d'Auteuil, Paris",75016,16,"48.84289, 2.27014",,2020-08-14T15:30:37+00:00
https://shakespeareandco.princeton.edu/members/larbaud-valery/,Valery Larbaud,"Larbaud, Valery",,Male,False,True,1881,1957,,http://viaf.org/viaf/13334,http://en.wikipedia.org/wiki/Valery_Larbaud,France,"71 rue du Cardinal Lemoine, Paris;Hiawatha East, Shoreham-by-Sea",75005;,5;,"48.84554, 2.35023;50.83421, -0.27156",,2021-09-27T03:55:20.823664+00:00
https://shakespeareandco.princeton.edu/members/le-gallienne-richard/,Richard Le Gallienne,"Le Gallienne, Richard",Mr.,Male,False,True,1866,1947,1927;1928;1929;1930;1931;1932,http://viaf.org/viaf/27148613,http://en.wikipedia.org/wiki/Richard_Le_Gallienne,United Kingdom,"7 rue Servandoni, Paris;Hotel Belle Vue, Menton;60 rue Vaugirard, Paris;Hotel du Quai Voltaire, 19 quai Voltaire, Paris;89 rue de Vaugirard, Paris;29 quai de Bourbon, Paris;35 rue de Fleurus, Paris",75006;;75006;75007;75006;75004;75006,6;;6;7;6;4;6,"48.85033, 2.33483;43.78099, 7.50984;48.84877, 2.33206;48.85875, 2.33116;48.84563, 2.32300;48.85312, 2.35436;48.84668, 2.32878",,2021-01-11T01:38:29+00:00
https://shakespeareandco.princeton.edu/members/lewisohn/,Ludwig Lewisohn,"Lewisohn, Ludwig",,Male,False,True,1882,1955,1922;1932,http://viaf.org/viaf/44380209,https://en.wikipedia.org/wiki/Ludwig_Lewisohn,Germany;United States,"14 rue Campagne Première, Paris;11 bis rue Émile Deschamps, Paris",75014;78000,14;,"48.83955, 2.33206;48.80523, 2.14987",,2020-08-18T17:54:53+00:00
https://shakespeareandco.princeton.edu/members/macgreevy-thomas/,Thomas MacGreevy,"MacGreevy, Thomas",,Male,False,False,1893,1967,1928;1927,http://viaf.org/viaf/60105945/,https://en.wikipedia.org/wiki/Thomas_MacGreevy,Ireland,"École normale supérieure, 45 rue d'Ulm, Paris",75005,5,"48.84184, 2.34403","The Shakespeare and Company <a href=""https://shakespeareandco.princeton.edu/sources/address-books/"">address books</a> are the sole source for this lending library membership.",2021-10-05T01:13:25.079410+00:00
https://shakespeareandco.princeton.edu/members/macleish-archibald/,Archibald MacLeish,"MacLeish, Archibald",,Male,False,True,1892,1982,1923;1924;1925;1926;1927;1928;1931;1933;1934,http://viaf.org/viaf/85172667,http://en.wikipedia.org/wiki/Archibald_MacLeish,United States,"10 parc de Montretout, Saint-Cloud;85 boulevard Saint-Michel, Paris;Villa le Lude, rue du Commandant Yvon, Granville;Villa Thénard, 90 chemin Gustave Raymond, Antibes;44 rue de Bac, Paris;41 avenue du Bois de Boulogne, Paris;14 rue Guynemer, Paris;8 rue Emile Augier, Paris;Hotel de l'Université, 22 rue de l'Université, Paris;Cricket Hill Farm, Conway;Fortune, 135 E 42nd Street, New York",92210;75005;50400;06160;75007;75116;75006;75116;75007;01341;10017,;5;;;7;16;6;16;7;;,"48.84080, 2.21455;48.84535, 2.34015;48.83758, -1.59730;43.56316, 7.12507;48.85681, 2.32644;48.87207, 2.28450;48.84752, 2.33213;48.85874, 2.27367;48.85708, 2.33002;42.50981, -72.69953;40.75146, -73.97603","Archibald MacLeish shared a lending library membership with his wife, [Ada MacLeish](https://shakespeareandco.princeton.edu/members/macleish-ada/).",2020-12-06T04:18:35+00:00
https://shakespeareandco.princeton.edu/members/mansfield-katherine/,Katherine Mansfield,"Mansfield, Katherine",,Female,False,True,1888,1923,1922,http://viaf.org/viaf/41843502,http://en.wikipedia.org/wiki/Katherine_Mansfield,New Zealand;United Kingdom,"Select Hôtel, 1 place de la Sorbonne, Paris",75005,5,"48.84835, 2.34269",See [Mrs. Murray](https://shakespeareandco.princeton.edu/members/murray/) for a possible connection.,2020-08-28T16:28:14+00:00
https://shakespeareandco.princeton.edu/members/mcalmon-robert/,Robert McAlmon,"McAlmon, Robert",,Male,False,True,1895,1956,1921;1926;1927;1928;1929;1931;1939;1940,http://viaf.org/viaf/27073703,http://en.wikipedia.org/wiki/Robert_McAlmon,United States,"Restaurant Poggi, 11 avenue de la Californie, Nice;12 rue de l'Odéon, Paris;2 Herbert Mansions, 34–36 Sloane Street, London",06200;75006;SW1X 9LP,;6;,"43.69090, 7.24406;48.85092, 2.33845;51.49921, -0.15980",,2020-12-06T04:16:47+00:00
https://shakespeareandco.princeton.edu/members/mckenney-r/,Ruth McKenney,"McKenney, Ruth",Miss,Female,False,False,,,1920,,,,"21 rue de Tournon, Paris",75006,6,"48.85019, 2.33755",,2021-10-05T02:15:46.924757+00:00
https://shakespeareandco.princeton.edu/members/merrick-leonard/,Leonard Merrick,"Merrick, Leonard",,Male,False,True,1864,1939,1934;1935,http://viaf.org/viaf/55288124,https://en.wikipedia.org/wiki/Leonard_Merrick,United Kingdom,"Hotel Magellan, 59 avenue Marceau, Paris",75116,16,"48.86989, 2.29764",,2020-07-19T19:11:54+00:00
https://shakespeareandco.princeton.edu/members/michaud-regis/,Régis Michaud,"Michaud, Régis",M.,Male,False,False,1880,1939,1928;1925;1926,http://viaf.org/viaf/46917655/,,France,"123 boulevard du Montparnasse, Paris",75006,6,"48.84183, 2.33093",,2021-10-09T19:48:29.011791+00:00
https://shakespeareandco.princeton.edu/members/michaux-henri/,Henri Michaux,"Michaux, Henri",,Male,False,True,1899,1984,1955;1961;1944;1950;1951,http://viaf.org/viaf/54151507,https://en.wikipedia.org/wiki/Henri_Michaux,Belgium;France,"16 rue Séguier, Paris",75006,6,"48.85389, 2.34130",,2020-06-03T15:31:15+00:00
https://shakespeareandco.princeton.edu/members/mims-edwin/,Edwin Mims,"Mims, Edwin",Mr.,Male,False,False,1872,1959,1923;1924,http://viaf.org/viaf/77558138/,https://en.wikipedia.org/wiki/Edwin_Mims,United States,"Hotel Royal, 159 rue de Rennes, Paris",75006,6,"48.84494, 2.32511",,2021-10-10T18:12:29.194493+00:00
https://shakespeareandco.princeton.edu/members/myers-rollo/,Rollo Myers,"Myers, Rollo",,Male,False,False,1892,1985,1923;1924,http://viaf.org/viaf/5016836/,,United Kingdom,"1 rue Bruller, Paris",75014,14,"48.82812, 2.33535",,2021-11-14T19:31:25.186312+00:00
https://shakespeareandco.princeton.edu/members/ogden/,C. K. Ogden,"Ogden, C. K.",,Male,False,True,1889,1957,1931,http://viaf.org/viaf/68938630,http://en.wikipedia.org/wiki/Charles_Kay_Ogden,United Kingdom,"Royal Societies Club, 63 St. James's Street, London;Orthological Instititue, 10 King's Parade, Cambridge",SW1A 1LY;CB2 1SJ,;,"51.50639, -0.13937;52.20439, 0.11779",C. K. Ogden's lending library cards list Ogden-related items sold by Shakespeare and Company.,2021-03-10T19:53:12+00:00
https://shakespeareandco.princeton.edu/members/paul-elliot-2/,Elliot Paul,"Paul, Elliot",,Male,False,True,1891,1958,1938;1939,http://viaf.org/viaf/27746996,https://en.wikipedia.org/wiki/Elliot_Paul,United States,"42 avenue de la Bourdonnais, Paris",75007,7,"48.85726, 2.30050",,2020-07-19T19:53:19+00:00
https://shakespeareandco.princeton.edu/members/porter-katherine-anne/,Katherine Anne Porter / Mrs. Katherine Anne Pressly,"Porter, Katherine Anne",,Female,False,True,1890,1980,1932;1933;1934;1935,http://viaf.org/viaf/56620604,https://en.wikipedia.org/wiki/Katherine_Anne_Porter,United States,"166 boulevard du Montparnasse, Paris;70 bis rue Notre Dame des Champs, Paris;Hôtel Malherbe, 11 rue de Vaugirard, Paris",75014;75006;75006,14;6;6,"48.83962, 2.33507;48.84275, 2.33103;48.84896, 2.33962",,2020-09-10T18:45:24+00:00
https://shakespeareandco.princeton.edu/members/pound/,Ezra Pound,"Pound, Ezra",,Male,False,True,1885,1972,1922,http://viaf.org/viaf/24606774,https://en.wikipedia.org/wiki/Ezra_Pound,United States,"70 rue Notre Dame des Champs, Paris;3 rue de Beaune, Paris;Hôtel du Pas de Calais, 59 rue des Saints-Pères, Paris;199 avenue de Paris, Rueil-Malmaison",75006;75007;75006;,6;7;6;,"48.84275, 2.33104;48.85888, 2.33012;48.85372, 2.33025;48.88277, 2.17693",,2021-10-18T19:13:11.023392+00:00
https://shakespeareandco.princeton.edu/members/rodker/,John Rodker,"Rodker, John",,Male,False,True,1894,1955,1921,http://viaf.org/viaf/117308892,https://en.wikipedia.org/wiki/John_Rodker,United Kingdom,"Hotel du Pavillon, 6 rue de Verneuil, Paris",75007,7,"48.85737, 2.33161",,2020-07-17T11:38:26+00:00
https://shakespeareandco.princeton.edu/members/rogers-samuel/,Samuel Rogers,"Rogers, Samuel",,Male,False,True,1894,,1935,http://viaf.org/viaf/46340201,,United States,"14 rue Cassini, Paris",75014,14,"48.83728, 2.33692",,2020-07-19T21:39:14+00:00
https://shakespeareandco.princeton.edu/members/romains/,Jules Romains,"Romains, Jules",,Male,False,True,1885,1972,,http://viaf.org/viaf/37053052,http://en.wikipedia.org/wiki/Jules_Romains,France,"27 avenue René Coty, Paris;27 rue du Parc-de-Montsouris, Paris",75014;75014,14;14,"48.82908, 2.33473;",,2020-08-01T22:20:37+00:00
https://shakespeareandco.princeton.edu/members/schlumberger-jean/,Jean Schlumberger,"Schlumberger, Jean",,Male,False,True,1877,1968,1928;1946;1954;1932,http://viaf.org/viaf/73859954,http://en.wikipedia.org/wiki/Jean_Schlumberger,France,"78 rue d'Assas, Paris",75006,6,"48.84461, 2.33221",,2020-08-01T22:20:24+00:00
https://shakespeareandco.princeton.edu/members/solano/,Solita Solano,"Solano, Solita",,Female,False,True,1888,1975,1923;1924;1925;1930;1933,http://viaf.org/viaf/9173206,https://en.wikipedia.org/wiki/Solita_Solano,United States,"Hôtel Saint Germain des Prés, 36 rue Bonaparte, Paris",75006,6,"48.85509, 2.33358",,2021-10-18T19:15:12.128982+00:00
https://shakespeareandco.princeton.edu/members/spender-stephen/,Stephen Spender,"Spender, Stephen",,Male,False,True,1909,1995,1937;1938;1939,http://viaf.org/viaf/39398656,http://en.wikipedia.org/wiki/Stephen_Spender,United Kingdom,"Queens Mansions, 11, London;Warehorne",W6 7EB;TN26,;,"51.49603, -0.22107;51.05791, 0.83861",,2019-11-19T14:47:37+00:00
https://shakespeareandco.princeton.edu/members/stephan/,Lincoln Steffens / Mr. Lincoln Stephan,"Steffens, Lincoln",,Male,False,False,1866,1936,1924,http://viaf.org/viaf/39422885/,https://en.wikipedia.org/wiki/Lincoln_Steffens,United States,,,,,,2020-07-20T14:46:35+00:00
https://shakespeareandco.princeton.edu/members/stein-gertrude/,Gertrude Stein,"Stein, Gertrude",,Female,False,True,1874,1946,1920;1921;1922,http://viaf.org/viaf/22149082,http://en.wikipedia.org/wiki/Gertrude_Stein,United States,"27 rue de Fleurus, Paris;La Villa des Oliviers, 13 rue des Capucines, Cagnes-sur-Mer",75006;06800,6;,"48.84691, 2.32937;43.65576, 7.15934",,2020-05-30T17:34:54+00:00
https://shakespeareandco.princeton.edu/members/stern-james/,James Stern,"Stern, James",,Male,False,True,1904,1993,1934,http://viaf.org/viaf/88049337,https://en.wikipedia.org/wiki/James_Stern_(writer),United Kingdom,"rue René-Pauline, Paris",75006,6,"48.84133, 2.33183",,2020-10-26T15:12:19+00:00
https://shakespeareandco.princeton.edu/members/tate/,Allen Tate,"Tate, Allen",,Male,False,True,1899,1979,1933,http://viaf.org/viaf/44325423,http://en.wikipedia.org/wiki/Allen_Tate,United States,,,,,,2020-07-06T12:43:30+00:00
https://shakespeareandco.princeton.edu/members/tree/,Iris Tree,"Tree, Iris",,Female,False,True,1897,1968,1925,http://viaf.org/viaf/15620469,https://en.wikipedia.org/wiki/Iris_Tree,United Kingdom,"20 quai d'Orléans, Paris",75004,4,"48.85171, 2.35467",,2020-07-06T03:50:00+00:00
https://shakespeareandco.princeton.edu/members/wescott/,Glenway Wescott,"Wescott, Glenway",,Male,False,True,1901,1987,1925,http://viaf.org/viaf/12405830/,https://en.wikipedia.org/wiki/Glenway_Wescott,United States,"Savoy Hotel, 30 rue de Vaugirard, Paris;218 boulevard Raspail, Paris",75006;75014,6;14,"48.84899, 2.33389;48.84058, 2.32972","Wescott shared a lending library membership with his partner, [Monroe Wheeler](https://shakespeareandco.princeton.edu/members/wheeler-monroe/).",2020-12-05T15:39:58+00:00
https://shakespeareandco.princeton.edu/members/wickham/,Anna Wickham,"Wickham, Anna",,Female,False,True,1883,1947,1928;1926;1927,http://viaf.org/viaf/29587665/,https://en.wikipedia.org/wiki/Anna_Wickham,United Kingdom,"Hôtel Crebillon, 4 rue Crébillon, Paris;Saint Edward School, 55 Hampstead High Street, London",75006;NW3 IQH,6;,"48.85016, 2.33825;51.55641, -0.17849",,2020-10-21T17:09:47+00:00
https://shakespeareandco.princeton.edu/members/wilder-thornton/,Thornton Wilder,"Wilder, Thornton",,Male,False,True,1897,1975,1921,http://viaf.org/viaf/100167035,https://en.wikipedia.org/wiki/Thornton_Wilder,United States,"American Express, 11 rue Scribe, Paris;269 rue Saint-Jacques, Paris;Hôtel du Maroc, 57 rue de Seine, Paris",75009;75005;75006,9;5;6,"48.87230, 2.33073;48.84151, 2.34177;48.85459, 2.33696",,2020-12-03T18:15:28+00:00
https://shakespeareandco.princeton.edu/members/wilson-margaret/,Margaret Wilson,"Wilson, Margaret",Miss,Female,False,True,1886,1944,1927,http://viaf.org/viaf/16702853,https://en.wikipedia.org/wiki/Margaret_Woodrow_Wilson,United States,"4 boulevard Raspail, Paris",75006,6,"48.85527, 2.32557",,2021-10-24T18:01:52.341214+00:00
https://shakespeareandco.princeton.edu/members/wilson-romer/,Romer Wilson,"Wilson, Romer",,Female,False,True,1891,1930,,http://viaf.org/viaf/35347214,https://en.wikipedia.org/wiki/Romer_Wilson,United Kingdom,"Hôtel Récamier, 3 bis place Saint-Sulpice, Paris",75006,6,"48.85074, 2.33427",,2021-11-19T14:15:45.426887+00:00
https://shakespeareandco.princeton.edu/members/wright-richard/,Richard Wright,"Wright, Richard",,Male,False,True,1908,1960,1946,http://viaf.org/viaf/34464524,http://en.wikipedia.org/wiki/Richard_Wright_%28author%29,United States,"166 avenue Charles de Gaulle, Neuilly-sur-Seine",92200,,"48.88504, 2.26120",,2019-12-01T18:05:22+00:00
